Model,k,Trust_mean,Trust_std,Cont_mean,Cont_std
JEPA,5,0.7818536458333333,0.014472035198569287,0.7350203125,0.014494585512143393
JEPA,10,0.7399116531165312,0.013929800763102318,0.7053910569105691,0.012169885001072476
JEPA,15,0.7163905838041431,0.013886538131682028,0.6927994350282486,0.011834378562087144
ENCODER_DECODER,5,0.9580989583333335,0.009557916646232038,0.9567666666666665,0.008328242846258146
ENCODER_DECODER,10,0.9527178861788619,0.008210644689490083,0.9556642276422765,0.006546975595422041
ENCODER_DECODER,15,0.9470755178907722,0.010116197399449123,0.9534860640301318,0.0068273548630674195
