Model,Nominal_Dimension,Participation_Ratio,Intrinsic_Dimension,Dimension_Error,Usage_Efficiency_Percent,Max_Eigenvalue,Min_Eigenvalue,Eigenvalue_Count,Sample_Count
JEPA,512,20.157745084716296,1.212541242158709,0.009705183222913964,3.9370595868586515,0.05657964451669972,1.3045841350346642e-10,509,5976
ENCODER_DECODER,512,4.144800235486318,1.5695065488160358,0.00669596220722551,0.8095312959934214,0.03437295255672429,1.4219937148934513e-12,436,5976
